"","EcoRegion"
"1001","E"
"1002","E"
"1003","E"
"1004","E"
"1005","E"
"1006","E"
"1007","E"
"1008","E"
"1009","E"
"1010","E"
"1011","E"
"1012","E"
"1013","E"
"1014","E"
"1015","E"
"1016","E"
"1017","E"
"1018","E"
"1019","E"
"1020","E"
"1021","E"
"1022","E"
"1023","E"
"1024","E"
"1025","E"
"1026","E"
"1027","E"
"1028","E"
"1029","E"
"1030","E"
"1031","E"
"1032","E"
"1033","E"
"1111","E"
"1112","E"
"1113","E"
"1114","E"
"1115","E"
"1116","E"
"1117","E"
"1118","E"
"1119","E"
"1120","E"
"1121","E"
"1122","E"
"1123","E"
"1124","E"
"1125","E"
"1126","E"
"1127","E"
"1128","E"
"1129","E"
"1130","E"
"1131","E"
"1132","E"
"1133","E"
"1134","E"
"1135","E"
"1136","E"
"1137","E"
"1138","E"
"1139","E"
"1140","E"
"1141","E"
"1142","E"
"1143","E"
"1144","E"
"1145","E"
"1146","E"
"1147","E"
"1148","E"
"1149","E"
"1150","E"
"1151","E"
"1152","E"
"1153","E"
"1154","E"
"1155","E"
"1156","E"
"1157","E"
"1158","E"
"1220","E"
"1221","E"
"1222","E"
"1223","E"
"1224","E"
"1225","E"
"1226","E"
"1227","E"
"1228","E"
"1229","E"
"1230","E"
"1231","E"
"1232","E"
"1233","E"
"1234","E"
"1235","E"
"1236","E"
"1237","E"
"1238","E"
"1239","E"
"1240","E"
"1241","E"
"1242","E"
"1243","E"
"1244","E"
"1245","E"
"1246","E"
"1247","E"
"1248","E"
"1249","E"
"1250","E"
"1251","E"
"1252","E"
"1253","E"
"1254","E"
"1255","E"
"1256","E"
"1257","E"
"1258","E"
"1259","E"
"1260","E"
"1261","E"
"1262","E"
"1263","E"
"1264","E"
"1265","E"
"1266","E"
"1338","E"
"1339","E"
"1340","E"
"1341","E"
"1342","E"
"1343","E"
"1344","E"
"1345","E"
"1346","E"
"1347","E"
"1348","E"
"1349","E"
"1350","E"
"1351","E"
"1352","E"
"1353","E"
"1354","E"
"1355","E"
"1356","E"
"1357","E"
"1358","E"
"1359","E"
"1360","E"
"1361","E"
"1362","E"
"1363","E"
"1364","E"
"1365","E"
"1366","E"
"1367","E"
"1368","E"
"1369","E"
"1370","E"
"1371","E"
"1372","E"
"1373","E"
"1374","E"
"1375","E"
"1376","E"
"1377","E"
"1378","E"
"1379","E"
"1380","E"
"1381","E"
"1382","E"
"1383","E"
"1384","E"
"1385","E"
"1386","E"
"1387","E"
"1450","E"
"1451","E"
"1452","E"
"1453","E"
"1454","E"
"1455","E"
"1456","E"
"1457","E"
"1458","E"
"1459","E"
"1460","E"
"1461","E"
"1462","E"
"1463","E"
"1464","E"
"1465","E"
"1466","E"
"1467","E"
"1468","E"
"1469","E"
"1470","E"
"1471","E"
"1472","E"
"1473","E"
"1474","E"
"1475","E"
"1476","E"
"1477","E"
"1478","E"
"1479","E"
"1480","E"
"1481","E"
"1482","E"
"1483","E"
"1484","E"
"1485","E"
"1486","E"
"1487","E"
"1488","E"
"1489","E"
"1490","E"
"1491","E"
"1492","E"
"1493","E"
"1494","E"
"1495","E"
"1496","E"
"1497","E"
"1498","E"
"1499","E"
"1500","E"
"1501","E"
"1502","E"
"1559","E"
"1560","E"
"1561","E"
"1562","E"
"1563","E"
"1564","E"
"1565","E"
"1566","E"
"1567","E"
"1568","E"
"1569","E"
"1570","E"
"1571","E"
"1572","E"
"1573","E"
"1574","E"
"1575","E"
"1576","E"
"1577","E"
"1578","E"
"1579","E"
"1580","E"
"1581","E"
"1582","E"
"1583","E"
"1584","E"
"1585","E"
"1586","E"
"1587","E"
"1588","E"
"1589","E"
"1590","E"
"1591","E"
"1592","E"
"1593","E"
"1594","E"
"1595","E"
"1596","E"
"1597","E"
"1598","E"
"1599","E"
"1600","E"
"1601","E"
"1602","E"
"1603","E"
"1604","E"
"1605","E"
"1606","E"
"1607","E"
"1608","E"
"1662","E"
"1663","E"
"1664","E"
"1665","E"
"1666","E"
"1667","E"
"1668","E"
"1669","E"
"1670","E"
"1671","E"
"1672","E"
"1673","E"
"1674","E"
"1675","E"
"1676","E"
"1677","E"
"1678","E"
"1679","E"
"1680","E"
"1681","E"
"1682","E"
"1683","E"
"1684","E"
"1685","E"
"1686","E"
"1687","E"
"1688","E"
"1689","E"
"1690","E"
"1691","E"
"1692","E"
"1693","E"
"1694","E"
"1695","E"
"1696","E"
"1697","E"
"1698","E"
"1699","E"
"1700","E"
"1701","E"
"1702","E"
"1703","E"
"1704","E"
"1705","E"
"1706","E"
"1707","E"
"1708","E"
"1709","E"
"1710","E"
"1711","E"
"1712","E"
"1713","E"
"1714","E"
"1715","E"
"1716","E"
"1756","E"
"1757","E"
"1758","E"
"1759","E"
"1760","E"
"1761","E"
"1762","E"
"1763","E"
"1764","E"
"1765","E"
"1766","E"
"1767","E"
"1768","E"
"1769","E"
"1770","E"
"1771","E"
"1772","E"
"1773","E"
"1774","E"
"1775","E"
"1776","E"
"1777","E"
"1778","E"
"1779","E"
"1780","E"
"1781","E"
"1782","E"
"1783","E"
"1784","E"
"1785","E"
"1786","E"
"1787","E"
"1788","E"
"1789","E"
"1790","E"
"1791","E"
"1792","E"
"1793","E"
"1794","E"
"1795","E"
"1796","E"
"1797","E"
"1798","E"
"1799","E"
"1800","E"
"1801","E"
"1802","E"
"1803","E"
"1804","E"
"1805","E"
"1806","E"
"1807","E"
"1808","E"
"1809","E"
"1810","E"
"1847","E"
"1848","E"
"1849","E"
"1850","E"
"1851","E"
"1852","E"
"1853","E"
"1854","E"
"1855","E"
"1856","E"
"1857","E"
"1858","E"
"1859","E"
"1860","E"
"1861","E"
"1862","E"
"1863","E"
"1864","E"
"1865","E"
"1866","E"
"1867","E"
"1868","E"
"1869","E"
"1870","E"
"1871","E"
"1872","E"
"1873","E"
"1874","E"
"1875","E"
"1876","E"
"1877","E"
"1878","E"
"1879","E"
"1880","E"
"1881","E"
"1882","E"
"1883","E"
"1884","E"
"1885","E"
"1886","E"
"1887","E"
"1888","E"
"1889","E"
"1890","E"
"1891","E"
"1892","E"
"1893","E"
"1894","E"
"1895","E"
"1896","E"
"1897","E"
"1898","E"
"1899","E"
"1900","E"
"1901","E"
"1902","E"
"1903","E"
"1904","E"
"1905","E"
"1906","E"
"1907","E"
"1908","E"
"1909","E"
"1933","E"
"1934","E"
"1935","E"
"1936","E"
"1937","E"
"1938","E"
"1939","E"
"1940","E"
"1941","E"
"1942","E"
"1943","E"
"1944","E"
"1945","E"
"1946","E"
"1947","E"
"1948","E"
"1949","E"
"1950","E"
"1951","E"
"1952","E"
"1953","E"
"1954","E"
"1955","E"
"1956","E"
"1957","E"
"1958","E"
"1959","E"
"1960","E"
"1961","E"
"1962","E"
"1963","E"
"1964","E"
"1965","E"
"1966","E"
"1967","E"
"1968","E"
"1969","E"
"1970","E"
"1971","E"
"1972","E"
"1973","E"
"1974","E"
"1975","E"
"1976","E"
"1977","E"
"1978","E"
"1979","E"
"1980","E"
"1981","E"
"1982","E"
"1983","E"
"1984","E"
"1985","E"
"1986","E"
"1987","E"
"1988","E"
"1989","E"
"1990","E"
"1991","E"
"1992","E"
"1993","E"
"1994","E"
"1995","E"
"1996","E"
"1997","E"
"2011","E"
"2012","E"
"2013","E"
"2014","E"
"2015","E"
"2016","E"
"2017","E"
"2018","E"
"2019","E"
"2020","E"
"2021","E"
"2022","E"
"2023","E"
"2024","E"
"2025","E"
"2026","E"
"2027","E"
"2028","E"
"2029","E"
"2030","E"
"2031","E"
"2032","E"
"2033","E"
"2034","E"
"2035","E"
"2036","E"
"2037","E"
"2038","E"
"2039","E"
"2040","E"
"2041","J"
"2042","J"
"2043","J"
"2044","J"
"2045","J"
"2046","E"
"2047","E"
"2048","E"
"2049","E"
"2050","E"
"2051","E"
"2052","E"
"2053","E"
"2054","E"
"2055","E"
"2056","E"
"2057","E"
"2058","E"
"2059","E"
"2060","E"
"2061","E"
"2062","E"
"2063","E"
"2064","E"
"2077","E"
"2078","E"
"2079","E"
"2080","E"
"2082","E"
"2083","E"
"2084","E"
"2085","E"
"2086","E"
"2087","E"
"2088","E"
"2089","E"
"2090","E"
"2091","E"
"2092","E"
"2093","E"
"2094","E"
"2095","E"
"2096","E"
"2097","E"
"2098","E"
"2099","E"
"2100","E"
"2101","J"
"2102","J"
"2103","J"
"2104","J"
"2105","E"
"2106","E"
"2107","E"
"2108","E"
"2109","E"
"2110","E"
"2111","E"
"2112","E"
"2113","E"
"2114","E"
"2115","E"
"2116","E"
"2117","E"
"2118","E"
"2119","E"
"2120","E"
"2121","E"
"2122","E"
"2123","E"
"2124","E"
"2125","E"
"2126","E"
"2144","E"
"2145","E"
"2147","E"
"2148","E"
"2149","H"
"2150","E"
"2151","E"
"2152","E"
"2153","E"
"2154","E"
"2155","E"
"2156","E"
"2157","E"
"2158","E"
"2159","E"
"2160","E"
"2161","E"
"2162","J"
"2163","H"
"2164","H"
"2165","J"
"2166","J"
"2167","J"
"2168","E"
"2169","E"
"2170","E"
"2171","E"
"2172","E"
"2173","E"
"2174","E"
"2175","E"
"2176","E"
"2177","E"
"2178","E"
"2179","E"
"2180","E"
"2181","E"
"2182","E"
"2183","E"
"2184","E"
"2185","E"
"2186","E"
"2187","E"
"2188","E"
"2189","E"
"2190","E"
"2191","E"
"2192","E"
"2193","E"
"2213","H"
"2214","E"
"2215","E"
"2216","E"
"2217","E"
"2218","E"
"2219","H"
"2220","E"
"2221","E"
"2222","E"
"2223","H"
"2224","H"
"2225","J"
"2226","J"
"2227","J"
"2228","J"
"2229","J"
"2230","J"
"2231","E"
"2232","E"
"2233","E"
"2234","E"
"2235","E"
"2236","E"
"2237","E"
"2238","E"
"2239","E"
"2240","E"
"2241","E"
"2242","E"
"2243","E"
"2244","E"
"2245","E"
"2246","E"
"2247","E"
"2248","E"
"2249","E"
"2250","E"
"2251","E"
"2252","E"
"2253","E"
"2254","E"
"2255","E"
"2256","E"
"2257","E"
"2258","E"
"2259","E"
"2278","H"
"2279","E"
"2280","E"
"2281","E"
"2282","E"
"2283","H"
"2284","H"
"2285","H"
"2286","H"
"2287","H"
"2288","H"
"2289","H"
"2290","J"
"2291","J"
"2292","J"
"2293","J"
"2294","J"
"2295","J"
"2296","J"
"2297","J"
"2298","J"
"2299","J"
"2300","E"
"2301","E"
"2302","E"
"2303","E"
"2304","E"
"2305","E"
"2306","E"
"2307","E"
"2308","E"
"2309","E"
"2310","E"
"2311","E"
"2312","E"
"2313","E"
"2314","E"
"2315","E"
"2316","E"
"2317","E"
"2318","E"
"2319","E"
"2320","E"
"2321","E"
"2322","E"
"2323","E"
"2324","E"
"2325","E"
"2326","E"
"2327","E"
"2328","E"
"2329","E"
"2330","E"
"2345","E"
"2346","E"
"2347","E"
"2349","H"
"2350","H"
"2351","H"
"2352","H"
"2353","H"
"2354","H"
"2355","H"
"2356","H"
"2357","H"
"2358","H"
"2359","H"
"2360","H"
"2361","H"
"2362","J"
"2363","J"
"2364","J"
"2365","J"
"2366","J"
"2367","J"
"2368","J"
"2369","J"
"2370","J"
"2371","J"
"2372","J"
"2373","J"
"2374","E"
"2375","J"
"2376","J"
"2377","J"
"2378","E"
"2379","E"
"2380","E"
"2381","E"
"2382","E"
"2383","E"
"2384","E"
"2385","E"
"2386","E"
"2387","E"
"2388","E"
"2389","E"
"2390","E"
"2391","E"
"2392","E"
"2393","E"
"2394","E"
"2395","E"
"2396","E"
"2397","E"
"2398","E"
"2399","E"
"2400","E"
"2401","E"
"2402","E"
"2403","E"
"2404","E"
"2405","E"
"2406","E"
"2407","E"
"2408","E"
"2409","E"
"2410","E"
"2411","E"
"2412","E"
"2413","E"
"2414","E"
"2415","E"
"2416","E"
"2417","E"
"2418","E"
"2419","E"
"2420","H"
"2421","H"
"2422","H"
"2423","H"
"2424","H"
"2425","H"
"2426","H"
"2427","H"
"2428","H"
"2429","H"
"2430","H"
"2431","H"
"2432","H"
"2433","H"
"2434","H"
"2435","J"
"2436","J"
"2437","J"
"2438","J"
"2439","J"
"2440","J"
"2441","J"
"2442","J"
"2443","J"
"2444","J"
"2445","J"
"2446","J"
"2447","J"
"2448","J"
"2449","J"
"2450","E"
"2451","E"
"2452","E"
"2453","E"
"2454","E"
"2455","E"
"2456","E"
"2457","E"
"2458","E"
"2459","E"
"2460","E"
"2461","E"
"2462","E"
"2463","E"
"2464","E"
"2465","E"
"2466","E"
"2467","E"
"2468","E"
"2469","E"
"2470","E"
"2471","E"
"2472","E"
"2473","E"
"2474","E"
"2475","E"
"2476","E"
"2477","E"
"2478","E"
"2479","E"
"2480","E"
"2481","E"
"2482","E"
"2483","E"
"2484","E"
"2485","E"
"2486","E"
"2487","E"
"2488","E"
"2489","E"
"2490","E"
"2491","E"
"2492","E"
"2493","E"
"2494","H"
"2495","E"
"2496","E"
"2497","H"
"2498","H"
"2499","H"
"2500","H"
"2501","H"
"2502","H"
"2503","H"
"2504","H"
"2505","H"
"2506","H"
"2507","J"
"2508","J"
"2509","J"
"2510","J"
"2511","J"
"2512","J"
"2513","J"
"2514","J"
"2515","J"
"2516","J"
"2517","J"
"2518","J"
"2519","J"
"2520","J"
"2521","J"
"2522","E"
"2523","E"
"2524","E"
"2525","E"
"2526","E"
"2527","E"
"2528","E"
"2529","E"
"2530","E"
"2531","E"
"2532","E"
"2533","E"
"2534","E"
"2535","E"
"2536","E"
"2537","E"
"2538","E"
"2539","E"
"2540","E"
"2541","E"
"2542","E"
"2543","E"
"2544","E"
"2545","E"
"2546","E"
"2547","E"
"2548","E"
"2549","E"
"2550","E"
"2551","E"
"2552","E"
"2553","E"
"2554","E"
"2555","E"
"2556","E"
"2557","E"
"2558","E"
"2559","E"
"2560","E"
"2561","E"
"2562","E"
"2563","E"
"2564","H"
"2565","E"
"2566","E"
"2567","E"
"2568","E"
"2569","H"
"2570","H"
"2571","H"
"2572","H"
"2573","H"
"2574","H"
"2575","H"
"2576","H"
"2577","J"
"2578","J"
"2579","J"
"2580","J"
"2581","J"
"2582","J"
"2583","J"
"2584","J"
"2585","J"
"2586","J"
"2587","J"
"2588","J"
"2589","J"
"2590","J"
"2591","J"
"2592","E"
"2593","J"
"2594","E"
"2595","E"
"2596","E"
"2597","E"
"2598","E"
"2599","E"
"2600","E"
"2601","E"
"2602","E"
"2603","E"
"2604","E"
"2605","E"
"2606","E"
"2607","E"
"2608","E"
"2609","E"
"2610","E"
"2611","E"
"2612","E"
"2613","E"
"2614","E"
"2615","E"
"2616","E"
"2617","E"
"2618","E"
"2619","E"
"2620","E"
"2621","E"
"2622","E"
"2623","E"
"2624","E"
"2625","E"
"2626","E"
"2627","E"
"2628","E"
"2629","E"
"2630","E"
"2631","E"
"2632","E"
"2633","E"
"2634","E"
"2635","E"
"2636","H"
"2637","H"
"2638","H"
"2639","H"
"2640","E"
"2641","H"
"2642","H"
"2643","H"
"2644","H"
"2645","H"
"2646","H"
"2647","H"
"2648","H"
"2649","J"
"2650","J"
"2651","J"
"2652","J"
"2653","J"
"2654","J"
"2655","J"
"2656","J"
"2657","J"
"2658","J"
"2659","J"
"2660","J"
"2661","J"
"2662","J"
"2663","J"
"2664","J"
"2665","J"
"2666","J"
"2667","E"
"2668","J"
"2669","E"
"2670","E"
"2671","E"
"2672","E"
"2673","E"
"2674","E"
"2675","E"
"2676","E"
"2677","E"
"2678","E"
"2679","E"
"2680","E"
"2681","E"
"2682","E"
"2683","E"
"2684","E"
"2685","E"
"2686","E"
"2687","E"
"2688","E"
"2689","E"
"2690","E"
"2691","E"
"2692","E"
"2693","E"
"2694","E"
"2695","E"
"2696","E"
"2697","E"
"2698","E"
"2699","E"
"2700","E"
"2701","E"
"2702","E"
"2703","E"
"2704","E"
"2705","E"
"2706","H"
"2707","H"
"2708","H"
"2709","H"
"2710","H"
"2711","H"
"2712","J"
"2713","J"
"2714","H"
"2715","H"
"2716","H"
"2717","H"
"2718","J"
"2719","J"
"2720","J"
"2721","J"
"2722","J"
"2723","J"
"2724","J"
"2725","J"
"2726","J"
"2727","J"
"2728","J"
"2729","J"
"2730","J"
"2731","J"
"2732","J"
"2733","J"
"2734","J"
"2735","J"
"2736","J"
"2737","G"
"2738","G"
"2739","G"
"2740","E"
"2741","E"
"2742","E"
"2743","E"
"2744","E"
"2745","E"
"2746","E"
"2747","E"
"2748","E"
"2749","E"
"2750","E"
"2751","E"
"2752","E"
"2753","E"
"2754","E"
"2755","E"
"2756","E"
"2757","E"
"2758","E"
"2759","E"
"2760","E"
"2761","E"
"2762","E"
"2763","E"
"2764","E"
"2765","E"
"2766","E"
"2767","E"
"2768","E"
"2769","E"
"2770","E"
"2771","E"
"2772","E"
"2773","E"
"2774","H"
"2775","H"
"2776","H"
"2777","H"
"2778","J"
"2779","J"
"2780","J"
"2781","J"
"2782","H"
"2783","H"
"2784","J"
"2785","J"
"2786","J"
"2787","J"
"2788","J"
"2789","J"
"2790","J"
"2791","J"
"2792","J"
"2793","J"
"2794","J"
"2795","J"
"2796","J"
"2797","J"
"2798","J"
"2799","J"
"2800","J"
"2801","J"
"2802","J"
"2803","J"
"2804","G"
"2805","G"
"2806","G"
"2807","G"
"2808","E"
"2809","E"
"2810","E"
"2811","E"
"2812","E"
"2813","E"
"2814","E"
"2815","E"
"2816","E"
"2817","E"
"2818","E"
"2819","E"
"2820","E"
"2821","E"
"2822","E"
"2823","E"
"2824","G"
"2825","G"
"2826","E"
"2827","E"
"2828","E"
"2829","E"
"2830","E"
"2831","E"
"2832","E"
"2833","E"
"2834","E"
"2835","E"
"2836","E"
"2837","E"
"2838","E"
"2839","E"
"2840","E"
"2841","H"
"2842","H"
"2843","H"
"2844","J"
"2845","J"
"2846","J"
"2847","J"
"2848","J"
"2849","H"
"2850","J"
"2851","J"
"2852","J"
"2853","J"
"2854","J"
"2855","J"
"2856","J"
"2857","J"
"2858","J"
"2859","J"
"2860","J"
"2861","J"
"2862","J"
"2863","J"
"2864","J"
"2865","J"
"2866","J"
"2867","J"
"2868","J"
"2869","J"
"2870","G"
"2871","G"
"2872","G"
"2873","E"
"2874","E"
"2875","E"
"2876","E"
"2877","E"
"2878","E"
"2879","E"
"2880","E"
"2881","G"
"2882","G"
"2883","G"
"2884","G"
"2885","G"
"2886","E"
"2887","E"
"2888","G"
"2889","G"
"2890","G"
"2891","G"
"2892","G"
"2893","G"
"2894","G"
"2895","E"
"2896","E"
"2897","E"
"2898","E"
"2899","E"
"2900","G"
"2901","E"
"2902","E"
"2903","H"
"2904","H"
"2905","H"
"2906","H"
"2907","J"
"2908","J"
"2909","J"
"2910","J"
"2911","J"
"2912","J"
"2913","J"
"2914","J"
"2915","J"
"2916","J"
"2917","J"
"2918","J"
"2919","J"
"2920","J"
"2921","J"
"2922","J"
"2923","J"
"2924","J"
"2925","J"
"2926","J"
"2927","J"
"2928","J"
"2929","J"
"2930","J"
"2931","J"
"2932","G"
"2933","G"
"2934","G"
"2935","G"
"2936","E"
"2937","G"
"2938","G"
"2939","E"
"2940","E"
"2941","E"
"2942","E"
"2943","E"
"2944","E"
"2945","E"
"2946","E"
"2947","G"
"2948","G"
"2949","G"
"2950","G"
"2951","G"
"2952","G"
"2953","G"
"2954","G"
"2955","G"
"2956","G"
"2957","G"
"2958","G"
"2959","G"
"2960","G"
"2961","G"
"2962","G"
"2963","G"
"2964","G"
"2965","E"
"2966","H"
"2967","H"
"2968","H"
"2969","J"
"2970","J"
"2971","J"
"2972","J"
"2973","J"
"2974","H"
"2975","H"
"2976","J"
"2977","J"
"2978","J"
"2979","J"
"2980","J"
"2981","J"
"2982","J"
"2983","J"
"2984","J"
"2985","J"
"2986","J"
"2987","J"
"2988","J"
"2989","J"
"2990","J"
"2991","J"
"2992","J"
"2993","J"
"2994","J"
"2995","J"
"2996","J"
"2997","J"
"2998","G"
"2999","G"
"3000","G"
"3001","G"
"3002","E"
"3003","E"
"3004","E"
"3005","E"
"3006","E"
"3007","E"
"3008","E"
"3009","E"
"3010","E"
"3011","G"
"3012","G"
"3013","G"
"3014","E"
"3015","E"
"3016","G"
"3017","G"
"3018","G"
"3019","G"
"3020","G"
"3021","G"
"3022","G"
"3023","G"
"3024","G"
"3025","G"
"3026","G"
"3027","G"
"3028","G"
"3029","H"
"3030","H"
"3031","H"
"3032","H"
"3033","H"
"3034","H"
"3035","H"
"3036","H"
"3037","H"
"3038","H"
"3039","H"
"3040","J"
"3041","H"
"3042","H"
"3043","H"
"3044","H"
"3045","H"
"3046","J"
"3047","J"
"3048","J"
"3049","J"
"3050","J"
"3051","J"
"3052","J"
"3053","J"
"3054","J"
"3055","J"
"3056","J"
"3057","J"
"3058","J"
"3059","J"
"3060","J"
"3061","G"
"3062","G"
"3063","G"
"3064","G"
"3065","E"
"3066","E"
"3067","G"
"3068","G"
"3069","E"
"3070","E"
"3071","E"
"3072","E"
"3073","E"
"3074","E"
"3075","E"
"3076","E"
"3077","E"
"3078","G"
"3079","G"
"3080","G"
"3081","G"
"3082","G"
"3083","G"
"3084","G"
"3085","G"
"3086","G"
"3087","H"
"3088","H"
"3089","H"
"3090","H"
"3091","H"
"3092","H"
"3093","D"
"3094","D"
"3095","H"
"3096","H"
"3097","H"
"3098","D"
"3099","H"
"3100","H"
"3101","H"
"3102","H"
"3103","J"
"3104","J"
"3105","J"
"3106","J"
"3107","J"
"3108","J"
"3109","J"
"3110","J"
"3111","J"
"3112","J"
"3113","J"
"3114","J"
"3115","J"
"3116","J"
"3117","J"
"3118","J"
"3119","J"
"3120","G"
"3121","G"
"3122","G"
"3123","E"
"3124","E"
"3125","G"
"3126","G"
"3127","E"
"3128","E"
"3129","E"
"3130","E"
"3131","E"
"3132","E"
"3133","E"
"3134","E"
"3135","G"
"3136","G"
"3137","G"
"3138","G"
"3139","G"
"3140","G"
"3141","H"
"3142","H"
"3143","H"
"3144","H"
"3145","H"
"3146","D"
"3147","H"
"3148","D"
"3149","H"
"3150","D"
"3151","D"
"3152","D"
"3153","H"
"3154","H"
"3155","D"
"3156","H"
"3157","D"
"3158","D"
"3159","J"
"3160","J"
"3161","J"
"3162","J"
"3163","J"
"3164","J"
"3165","J"
"3166","J"
"3167","J"
"3168","J"
"3169","J"
"3170","J"
"3171","J"
"3172","J"
"3173","J"
"3174","J"
"3175","J"
"3176","J"
"3177","E"
"3178","E"
"3179","G"
"3180","G"
"3181","E"
"3182","E"
"3183","E"
"3184","E"
"3185","E"
"3186","E"
"3187","G"
"3188","G"
"3189","G"
"3190","G"
"3191","G"
"3192","G"
"3193","G"
"3194","H"
"3195","H"
"3196","D"
"3197","D"
"3198","H"
"3199","H"
"3200","D"
"3201","H"
"3202","H"
"3203","H"
"3204","D"
"3205","D"
"3206","D"
"3207","H"
"3208","H"
"3209","H"
"3210","D"
"3211","H"
"3212","H"
"3213","J"
"3214","J"
"3215","J"
"3216","J"
"3217","J"
"3218","J"
"3219","J"
"3220","J"
"3221","J"
"3222","J"
"3223","J"
"3224","J"
"3225","J"
"3226","J"
"3227","J"
"3228","J"
"3229","J"
"3230","J"
"3231","J"
"3232","J"
"3233","G"
"3234","G"
"3235","G"
"3236","E"
"3237","E"
"3238","G"
"3239","G"
"3240","G"
"3241","G"
"3242","G"
"3243","G"
"3244","G"
"3245","H"
"3246","H"
"3247","H"
"3248","D"
"3249","D"
"3250","H"
"3251","H"
"3252","D"
"3253","D"
"3254","H"
"3255","H"
"3256","D"
"3257","D"
"3258","D"
"3259","H"
"3260","H"
"3261","H"
"3262","D"
"3263","H"
"3264","H"
"3265","J"
"3266","J"
"3267","J"
"3268","J"
"3269","J"
"3270","J"
"3271","J"
"3272","J"
"3273","J"
"3274","J"
"3275","J"
"3276","J"
"3277","J"
"3278","J"
"3279","J"
"3280","J"
"3281","J"
"3282","J"
"3283","J"
"3284","J"
"3285","G"
"3286","G"
"3287","G"
"3288","G"
"3289","G"
"3290","G"
"3291","G"
"3292","G"
"3293","G"
"3294","G"
"3295","G"
"3296","H"
"3297","D"
"3298","D"
"3299","D"
"3300","D"
"3301","H"
"3302","D"
"3303","H"
"3304","H"
"3305","H"
"3306","H"
"3307","H"
"3308","H"
"3309","H"
"3310","H"
"3311","H"
"3312","H"
"3313","H"
"3314","H"
"3315","H"
"3316","J"
"3317","J"
"3318","J"
"3319","J"
"3320","J"
"3321","J"
"3322","J"
"3323","J"
"3324","J"
"3325","J"
"3326","J"
"3327","J"
"3328","J"
"3329","J"
"3330","J"
"3331","J"
"3332","J"
"3333","J"
"3334","G"
"3335","G"
"3336","G"
"3337","G"
"3338","G"
"3339","G"
"3340","G"
"3341","G"
"3342","G"
"3343","G"
"3344","H"
"3345","H"
"3346","H"
"3347","D"
"3348","D"
"3349","D"
"3350","D"
"3351","H"
"3352","H"
"3353","H"
"3354","H"
"3355","D"
"3356","D"
"3357","H"
"3358","H"
"3359","D"
"3360","D"
"3361","H"
"3362","H"
"3363","H"
"3364","J"
"3365","J"
"3366","J"
"3367","J"
"3368","J"
"3369","J"
"3370","J"
"3371","J"
"3372","J"
"3373","J"
"3374","J"
"3375","J"
"3376","J"
"3377","J"
"3378","J"
"3379","J"
"3380","J"
"3381","J"
"3382","J"
"3383","G"
"3384","G"
"3385","G"
"3386","G"
"3387","G"
"3388","G"
"3389","G"
"3390","G"
"3391","G"
"3392","G"
"3393","H"
"3394","H"
"3395","D"
"3396","D"
"3397","D"
"3398","D"
"3399","H"
"3400","D"
"3401","H"
"3402","H"
"3403","H"
"3404","H"
"3405","H"
"3406","D"
"3407","D"
"3408","H"
"3409","H"
"3410","H"
"3411","H"
"3412","J"
"3413","J"
"3414","J"
"3415","J"
"3416","J"
"3417","J"
"3418","J"
"3419","J"
"3420","J"
"3421","J"
"3422","J"
"3423","J"
"3424","G"
"3425","G"
"3426","G"
"3427","G"
"3428","G"
"3429","G"
"3430","G"
"3431","G"
"3432","G"
"3433","G"
"3434","G"
"3435","G"
"3436","G"
"3437","G"
"3438","G"
"3439","H"
"3440","H"
"3441","D"
"3442","D"
"3443","D"
"3444","D"
"3445","D"
"3446","H"
"3447","H"
"3448","H"
"3449","D"
"3450","H"
"3451","H"
"3452","D"
"3453","H"
"3454","H"
"3455","H"
"3456","H"
"3457","J"
"3458","J"
"3459","J"
"3460","J"
"3461","J"
"3462","J"
"3463","J"
"3464","J"
"3465","J"
"3466","J"
"3467","J"
"3468","J"
"3469","G"
"3470","G"
"3471","G"
"3472","G"
"3473","G"
"3474","G"
"3475","G"
"3476","G"
"3477","G"
"3478","G"
"3479","G"
"3480","G"
"3481","G"
"3482","G"
"3483","G"
"3484","H"
"3485","H"
"3486","H"
"3487","D"
"3488","D"
"3489","D"
"3490","D"
"3491","D"
"3492","D"
"3493","D"
"3494","H"
"3495","H"
"3496","H"
"3497","H"
"3498","H"
"3499","H"
"3500","H"
"3501","H"
"3502","H"
"3503","J"
"3504","J"
"3505","J"
"3506","J"
"3507","J"
"3508","J"
"3509","J"
"3510","J"
"3511","J"
"3512","J"
"3513","J"
"3514","G"
"3515","H"
"3516","G"
"3517","G"
"3518","G"
"3519","G"
"3520","G"
"3521","G"
"3522","G"
"3523","G"
"3524","G"
"3525","G"
"3526","G"
"3527","H"
"3528","H"
"3529","H"
"3530","H"
"3531","H"
"3532","D"
"3533","D"
"3534","D"
"3535","D"
"3536","D"
"3537","D"
"3538","H"
"3539","H"
"3540","H"
"3541","H"
"3542","H"
"3543","H"
"3544","H"
"3545","H"
"3546","J"
"3547","J"
"3548","J"
"3549","J"
"3550","J"
"3551","J"
"3552","J"
"3553","J"
"3554","J"
"3555","J"
"3556","J"
"3557","H"
"3558","H"
"3559","H"
"3560","G"
"3561","G"
"3562","G"
"3563","G"
"3564","G"
"3565","G"
"3566","G"
"3567","G"
"3568","G"
"3569","H"
"3570","H"
"3571","H"
"3572","H"
"3573","H"
"3574","D"
"3575","D"
"3576","D"
"3577","D"
"3578","D"
"3579","H"
"3580","H"
"3581","H"
"3582","H"
"3583","H"
"3584","D"
"3585","H"
"3586","H"
"3587","J"
"3588","J"
"3589","J"
"3590","J"
"3591","J"
"3592","J"
"3593","J"
"3594","J"
"3595","J"
"3596","J"
"3597","H"
"3598","H"
"3599","H"
"3600","G"
"3601","G"
"3602","G"
"3603","G"
"3604","G"
"3605","G"
"3606","G"
"3607","G"
"3608","G"
"3609","H"
"3610","H"
"3611","H"
"3612","D"
"3613","D"
"3614","D"
"3615","D"
"3616","D"
"3617","C"
"3618","C"
"3619","C"
"3620","H"
"3621","D"
"3622","C"
"3623","H"
"3624","H"
"3625","J"
"3626","J"
"3627","J"
"3628","J"
"3629","J"
"3630","J"
"3631","J"
"3632","J"
"3633","J"
"3634","H"
"3635","H"
"3636","H"
"3637","H"
"3638","G"
"3639","G"
"3640","G"
"3641","G"
"3642","G"
"3643","G"
"3644","G"
"3645","G"
"3646","H"
"3647","H"
"3648","H"
"3649","D"
"3650","D"
"3651","D"
"3652","D"
"3653","C"
"3654","C"
"3655","C"
"3656","C"
"3657","D"
"3658","C"
"3659","C"
"3660","C"
"3661","J"
"3662","J"
"3663","J"
"3664","J"
"3665","J"
"3666","J"
"3667","J"
"3668","J"
"3669","H"
"3670","H"
"3671","I"
"3672","I"
"3673","G"
"3674","G"
"3675","H"
"3676","G"
"3677","G"
"3678","G"
"3679","G"
"3680","H"
"3681","H"
"3682","H"
"3683","D"
"3684","H"
"3685","D"
"3686","D"
"3687","C"
"3688","C"
"3689","C"
"3690","C"
"3691","C"
"3692","C"
"3693","C"
"3694","C"
"3695","D"
"3696","D"
"3697","J"
"3698","J"
"3699","J"
"3700","J"
"3701","J"
"3702","J"
"3703","I"
"3704","I"
"3705","I"
"3706","I"
"3707","I"
"3708","I"
"3709","H"
"3710","H"
"3711","H"
"3712","H"
"3713","H"
"3714","D"
"3715","D"
"3716","D"
"3717","C"
"3718","C"
"3719","C"
"3720","C"
"3721","C"
"3722","C"
"3723","C"
"3724","C"
"3725","C"
"3726","C"
"3727","J"
"3728","J"
"3729","J"
"3730","J"
"3731","J"
"3732","I"
"3733","I"
"3734","H"
"3735","H"
"3736","D"
"3737","D"
"3738","L"
"3739","C"
"3740","C"
"3741","C"
"3742","C"
"3743","C"
"3744","D"
"3745","C"
"3746","C"
"3747","C"
"3748","D"
"3749","D"
"3750","G"
"3751","I"
"3752","I"
"3753","H"
"3754","H"
"3755","H"
"3756","L"
"3757","L"
"3758","L"
"3759","C"
"3760","C"
"3761","C"
"3762","C"
"3763","C"
"3764","C"
"3765","C"
"3766","C"
"3767","C"
"3768","D"
"3769","I"
"3770","I"
"3771","H"
"3772","H"
"3773","L"
"3774","L"
"3775","C"
"3776","C"
"3777","C"
"3778","C"
"3779","C"
"3780","C"
"3781","C"
"3782","C"
"3783","C"
"3784","D"
"3785","I"
"3786","F"
"3787","F"
"3788","L"
"3789","D"
"3790","L"
"3791","C"
"3792","C"
"3793","C"
"3794","C"
"3795","C"
"3796","C"
"3797","C"
"3798","C"
"3799","C"
"3800","I"
"3801","F"
"3802","L"
"3803","L"
"3804","C"
"3805","C"
"3806","C"
"3807","D"
"3808","C"
"3809","C"
"3810","C"
"3811","C"
"3812","I"
"3813","C"
"3814","L"
"3815","C"
"3816","C"
"3817","C"
"3818","C"
"3819","C"
"3820","C"
"3821","C"
"3822","L"
"3823","F"
"3824","F"
"3825","F"
"3826","L"
"3827","C"
"3828","C"
"3829","C"
"3830","C"
"3831","C"
"3832","C"
"3833","L"
"3834","L"
"3835","F"
"3836","L"
"3837","F"
"3838","F"
"3839","F"
"3840","F"
"3841","C"
"3842","C"
"3843","C"
"3844","C"
"3845","C"
"3846","C"
"3847","C"
"3848","L"
"3849","L"
"3850","L"
"3851","L"
"3852","L"
"3853","F"
"3854","F"
"3855","F"
"3856","C"
"3857","C"
"3858","C"
"3859","C"
"3860","C"
"3861","C"
"3862","C"
"3863","C"
"3864","L"
"3865","L"
"3866","C"
"3867","F"
"3868","L"
"3869","F"
"3870","F"
"3871","F"
"3872","L"
"3873","L"
"3874","C"
"3875","C"
"3876","C"
"3877","C"
"3878","C"
"3879","C"
"3880","L"
"3881","L"
"3882","F"
"3883","F"
"3884","L"
"3885","F"
"3886","F"
"3887","F"
"3888","F"
"3889","C"
"3890","L"
"3891","C"
"3892","C"
"3893","C"
"3894","C"
"3895","C"
"3896","L"
"3897","L"
"3898","F"
"3899","L"
"3900","L"
"3901","L"
"3902","F"
"3903","L"
"3904","F"
"3905","F"
"3906","F"
"3907","F"
"3908","F"
"3909","F"
"3910","F"
"3911","L"
"3912","L"
"3913","L"
"3914","C"
"3915","C"
"3916","C"
"3917","L"
"3918","C"
"3919","C"
"3920","C"
"3921","F"
"3922","F"
"3923","L"
"3924","L"
"3925","L"
"3926","C"
"3927","L"
"3928","L"
"3929","C"
"3930","C"
"3931","C"
"3932","F"
"3933","L"
"3934","C"
"3935","L"
"3936","C"
"3937","C"
"3938","C"
"3939","C"
"3940","C"
"3941","C"
"3942","C"
"3943","C"
"3944","L"
"3945","L"
"3946","L"
"3947","L"
"3948","C"
"3949","C"
"3950","C"
"3951","C"
"3952","C"
"3953","L"
"3954","L"
"3955","L"
"3956","L"
"3957","C"
"3958","C"
"3959","L"
"3960","L"
"3961","E"
"3962","E"
"3963","L"
"3964","E"
"3965","E"
"3966","L"
"3967","L"
"3968","L"
"3969","L"
"3970","L"
"3971","L"
"3972","F"
"3973","L"
"3974","L"
"3975","F"
"3976","L"
"3977","L"
"3978","L"
"3979","L"
"3980","L"
"3981","L"
"3982","L"
"3983","C"
"3984","L"
"3985","C"
"3986","L"
"3987","L"
"3988","L"
"3989","C"
"3990","C"
"3991","K"
"3992","L"
"3993","L"
"3994","I"
"3995","L"
"3996","L"
"3997","F"
"3998","L"
"3999","L"
"4000","L"
"4001","L"
"4002","L"
"4003","C"
"4004","C"
"4005","C"
"4006","L"
"4007","L"
"4008","I"
"4009","I"
"4010","I"
"4011","I"
"4012","I"
"4013","I"
"4014","I"
"4015","C"
"4016","L"
"4017","L"
"4018","F"
"4019","F"
"4020","F"
"4021","K"
"4022","K"
"4023","K"
"4024","I"
"4025","I"
"4026","I"
"4027","I"
"4028","I"
"4029","I"
"4030","I"
"4031","I"
"4032","I"
"4033","L"
"4034","L"
"4035","L"
"4036","F"
"4037","K"
"4038","F"
"4039","F"
"4040","K"
"4041","K"
"4042","I"
"4043","I"
"4044","I"
"4045","I"
"4046","I"
"4047","I"
"4048","I"
"4049","I"
"4050","I"
"4051","I"
"4052","I"
"4053","F"
"4054","F"
"4055","F"
"4056","K"
"4057","F"
"4058","K"
"4059","K"
"4060","K"
"4061","I"
"4062","I"
"4063","I"
"4064","I"
"4065","I"
"4066","F"
"4067","F"
"4068","I"
"4069","I"
"4070","I"
"4071","I"
"4072","F"
"4073","F"
"4074","L"
"4075","L"
"4076","L"
"4077","F"
"4078","K"
"4079","C"
"4080","K"
"4081","K"
"4082","I"
"4083","I"
"4084","I"
"4085","I"
"4086","I"
"4087","F"
"4088","F"
"4089","F"
"4090","F"
"4091","F"
"4092","I"
"4093","I"
"4094","I"
"4095","F"
"4096","F"
"4097","F"
"4098","F"
"4099","F"
"4100","L"
"4101","L"
"4102","K"
"4103","K"
"4104","K"
"4105","K"
"4106","I"
"4107","I"
"4108","I"
"4109","I"
"4110","I"
"4111","F"
"4112","F"
"4113","F"
"4114","F"
"4115","F"
"4116","F"
"4117","I"
"4118","I"
"4119","I"
"4120","I"
"4121","F"
"4122","F"
"4123","F"
"4124","F"
"4125","F"
"4126","F"
"4127","L"
"4128","L"
"4129","K"
"4130","K"
"4131","K"
"4132","I"
"4133","I"
"4134","I"
"4135","F"
"4136","F"
"4137","F"
"4138","F"
"4139","F"
"4140","F"
"4141","F"
"4142","F"
"4143","F"
"4144","I"
"4145","I"
"4146","I"
"4147","I"
"4148","F"
"4149","F"
"4150","F"
"4151","F"
"4152","F"
"4153","F"
"4154","F"
"4155","L"
"4156","L"
"4157","K"
"4158","C"
"4159","F"
"4160","F"
"4161","I"
"4162","F"
"4163","F"
"4164","F"
"4165","F"
"4166","F"
"4167","F"
"4168","F"
"4169","F"
"4170","F"
"4171","F"
"4172","I"
"4173","I"
"4174","I"
"4175","I"
"4176","F"
"4177","F"
"4178","I"
"4179","I"
"4180","F"
"4181","F"
"4182","F"
"4183","L"
"4184","F"
"4185","L"
"4186","K"
"4187","K"
"4188","F"
"4189","F"
"4190","F"
"4191","F"
"4192","F"
"4193","F"
"4194","F"
"4195","F"
"4196","F"
"4197","F"
"4198","F"
"4199","F"
"4200","F"
"4201","F"
"4202","I"
"4203","I"
"4204","F"
"4205","F"
"4206","F"
"4207","F"
"4208","I"
"4209","I"
"4210","F"
"4211","F"
"4212","I"
"4213","I"
"4214","L"
"4215","K"
"4216","K"
"4217","F"
"4218","F"
"4219","F"
"4220","F"
"4221","F"
"4222","F"
"4223","F"
"4224","F"
"4225","F"
"4226","F"
"4227","F"
"4228","F"
"4229","F"
"4230","F"
"4231","F"
"4232","F"
"4233","F"
"4234","F"
"4235","F"
"4236","F"
"4237","F"
"4238","I"
"4239","F"
"4240","F"
"4241","F"
"4242","I"
"4243","I"
"4244","L"
"4245","L"
"4246","L"
"4247","K"
"4248","K"
"4249","F"
"4250","F"
"4251","F"
"4252","F"
"4253","F"
"4254","F"
"4255","F"
"4256","F"
"4257","F"
"4258","F"
"4259","F"
"4260","F"
"4261","F"
"4262","F"
"4263","F"
"4264","F"
"4265","F"
"4266","F"
"4267","F"
"4268","F"
"4269","F"
"4270","F"
"4271","F"
"4272","F"
"4273","F"
"4274","F"
"4275","F"
"4276","F"
"4277","L"
"4278","L"
"4279","L"
"4280","C"
"4281","L"
"4282","K"
"4283","F"
"4284","F"
"4285","F"
"4286","F"
"4287","F"
"4288","F"
"4289","F"
"4290","F"
"4291","F"
"4292","F"
"4293","F"
"4294","F"
"4295","F"
"4296","F"
"4297","F"
"4298","F"
"4299","F"
"4300","F"
"4301","F"
"4302","F"
"4303","F"
"4304","F"
"4305","F"
"4306","F"
"4307","F"
"4308","F"
"4309","F"
"4310","F"
"4311","F"
"4312","F"
"4313","F"
"4314","F"
"4315","L"
"4316","L"
"4317","L"
"4318","K"
"4319","F"
"4320","F"
"4321","F"
"4322","F"
"4323","F"
"4324","F"
"4325","F"
"4326","F"
"4327","F"
"4328","F"
"4329","F"
"4330","F"
"4331","F"
"4332","F"
"4333","F"
"4334","F"
"4335","F"
"4336","F"
"4337","F"
"4338","F"
"4339","F"
"4340","F"
"4341","F"
"4342","F"
"4343","F"
"4344","F"
"4345","F"
"4346","F"
"4347","F"
"4348","F"
"4349","F"
"4350","F"
"4351","F"
"4352","L"
"4353","L"
"4354","L"
"4355","L"
"4356","L"
"4357","F"
"4358","L"
"4359","L"
"4360","K"
"4361","F"
"4362","F"
"4363","F"
"4364","F"
"4365","F"
"4366","F"
"4367","F"
"4368","F"
"4369","F"
"4370","F"
"4371","F"
"4372","F"
"4373","F"
"4374","F"
"4375","F"
"4376","F"
"4377","F"
"4378","F"
"4379","F"
"4380","F"
"4381","F"
"4382","F"
"4383","F"
"4384","F"
"4385","F"
"4386","F"
"4387","F"
"4388","F"
"4389","F"
"4390","F"
"4391","F"
"4392","F"
"4393","F"
"4394","F"
"4395","F"
"4396","F"
"4397","F"
"4398","F"
"4399","F"
"4400","F"
"4401","C"
"4402","K"
"4403","K"
"4404","C"
"4405","F"
"4406","F"
"4407","F"
"4408","F"
"4409","F"
"4410","F"
"4411","F"
"4412","F"
"4413","F"
"4414","F"
"4415","F"
"4416","F"
"4417","F"
"4418","F"
"4419","F"
"4420","F"
"4421","F"
"4422","F"
"4423","F"
"4424","F"
"4425","F"
"4426","F"
"4427","F"
"4428","F"
"4429","F"
"4430","F"
"4431","F"
"4432","F"
"4433","F"
"4434","I"
"4435","I"
"4436","I"
"4437","I"
"4438","F"
"4439","F"
"4440","F"
"4441","F"
"4442","D"
"4443","F"
"4444","D"
"4445","L"
"4446","L"
"4447","K"
"4448","C"
"4449","K"
"4450","F"
"4451","F"
"4452","F"
"4453","F"
"4454","F"
"4455","F"
"4456","F"
"4457","F"
"4458","F"
"4459","F"
"4460","F"
"4461","F"
"4462","F"
"4463","F"
"4464","F"
"4465","F"
"4466","F"
"4467","F"
"4468","F"
"4469","F"
"4470","F"
"4471","F"
"4472","F"
"4473","F"
"4474","F"
"4475","F"
"4476","F"
"4477","F"
"4478","I"
"4479","I"
"4480","I"
"4481","I"
"4482","I"
"4483","I"
"4484","I"
"4485","I"
"4486","D"
"4487","D"
"4488","D"
"4489","D"
"4490","D"
"4491","F"
"4492","C"
"4493","K"
"4494","K"
"4495","F"
"4496","F"
"4497","F"
"4498","F"
"4499","F"
"4500","F"
"4501","F"
"4502","F"
"4503","F"
"4504","F"
"4505","F"
"4506","F"
"4507","F"
"4508","F"
"4509","F"
"4510","F"
"4511","F"
"4512","F"
"4513","F"
"4514","F"
"4515","F"
"4516","F"
"4517","F"
"4518","F"
"4519","F"
"4520","F"
"4521","F"
"4522","F"
"4523","F"
"4524","I"
"4525","I"
"4526","I"
"4527","I"
"4528","I"
"4529","I"
"4530","I"
"4531","D"
"4532","F"
"4533","F"
"4534","D"
"4535","D"
"4536","F"
"4537","L"
"4538","K"
"4539","K"
"4540","K"
"4541","F"
"4542","F"
"4543","F"
"4544","F"
"4545","F"
"4546","F"
"4547","F"
"4548","F"
"4549","F"
"4550","F"
"4551","F"
"4552","F"
"4553","F"
"4554","F"
"4555","F"
"4556","F"
"4557","F"
"4558","F"
"4559","F"
"4560","F"
"4561","F"
"4562","F"
"4563","F"
"4564","F"
"4565","F"
"4566","F"
"4567","I"
"4568","I"
"4569","I"
"4570","I"
"4571","I"
"4572","I"
"4573","I"
"4574","I"
"4575","D"
"4576","D"
"4577","D"
"4578","D"
"4579","D"
"4580","F"
"4581","F"
"4582","L"
"4583","K"
"4584","K"
"4585","K"
"4586","F"
"4587","F"
"4588","F"
"4589","F"
"4590","F"
"4591","F"
"4592","F"
"4593","F"
"4594","F"
"4595","F"
"4596","F"
"4597","F"
"4598","F"
"4599","F"
"4600","F"
"4601","F"
"4602","F"
"4603","F"
"4604","F"
"4605","F"
"4606","F"
"4607","F"
"4608","F"
"4609","F"
"4610","F"
"4611","I"
"4612","I"
"4613","I"
"4614","I"
"4615","I"
"4616","I"
"4617","I"
"4618","I"
"4619","C"
"4620","D"
"4621","D"
"4622","D"
"4623","D"
"4624","D"
"4625","F"
"4626","F"
"4627","K"
"4628","K"
"4629","K"
"4630","F"
"4631","F"
"4632","F"
"4633","F"
"4634","F"
"4635","F"
"4636","F"
"4637","F"
"4638","F"
"4639","F"
"4640","F"
"4641","F"
"4642","F"
"4643","F"
"4644","F"
"4645","F"
"4646","F"
"4647","F"
"4648","F"
"4649","F"
"4650","F"
"4651","F"
"4652","F"
"4653","I"
"4654","I"
"4655","I"
"4656","I"
"4657","I"
"4658","I"
"4659","I"
"4660","I"
"4661","I"
"4662","I"
"4663","D"
"4664","D"
"4665","D"
"4666","D"
"4667","F"
"4668","F"
"4669","L"
"4670","D"
"4671","K"
"4672","K"
"4673","F"
"4674","F"
"4675","F"
"4676","F"
"4677","F"
"4678","F"
"4679","F"
"4680","F"
"4681","I"
"4682","I"
"4683","F"
"4684","F"
"4685","F"
"4686","F"
"4687","F"
"4688","F"
"4689","F"
"4690","F"
"4691","F"
"4692","F"
"4693","F"
"4694","F"
"4695","F"
"4696","I"
"4697","I"
"4698","I"
"4699","I"
"4700","I"
"4701","I"
"4702","I"
"4703","I"
"4704","I"
"4705","I"
"4706","D"
"4707","C"
"4708","D"
"4709","D"
"4710","F"
"4711","L"
"4712","K"
"4713","K"
"4714","K"
"4715","F"
"4716","F"
"4717","F"
"4718","F"
"4719","F"
"4720","I"
"4721","I"
"4722","I"
"4723","I"
"4724","I"
"4725","F"
"4726","F"
"4727","C"
"4728","I"
"4729","I"
"4730","I"
"4731","I"
"4732","I"
"4733","I"
"4734","F"
"4735","F"
"4736","F"
"4737","I"
"4738","I"
"4739","I"
"4740","I"
"4741","I"
"4742","I"
"4743","I"
"4744","I"
"4745","I"
"4746","I"
"4747","I"
"4748","C"
"4749","C"
"4750","F"
"4751","F"
"4752","D"
"4753","K"
"4754","K"
"4755","K"
"4756","K"
"4757","K"
"4758","F"
"4759","F"
"4760","I"
"4761","I"
"4762","I"
"4763","I"
"4764","I"
"4765","I"
"4766","I"
"4767","I"
"4768","I"
"4769","I"
"4770","I"
"4771","I"
"4772","I"
"4773","I"
"4774","I"
"4775","I"
"4776","I"
"4777","I"
"4778","I"
"4779","I"
"4780","I"
"4781","I"
"4782","I"
"4783","I"
"4784","I"
"4785","I"
"4786","C"
"4787","I"
"4788","C"
"4789","F"
"4790","L"
"4791","K"
"4792","K"
"4793","K"
"4794","K"
"4795","K"
"4796","K"
"4797","K"
"4798","C"
"4799","I"
"4800","I"
"4801","I"
"4802","I"
"4803","I"
"4804","I"
"4805","I"
"4806","I"
"4807","I"
"4808","I"
"4809","I"
"4810","I"
"4811","I"
"4812","I"
"4813","I"
"4814","I"
"4815","I"
"4816","I"
"4817","I"
"4818","I"
"4819","I"
"4820","I"
"4821","I"
"4822","I"
"4823","C"
"4824","C"
"4825","I"
"4826","C"
"4827","F"
"4828","D"
"4829","K"
"4830","K"
"4831","K"
"4832","K"
"4833","K"
"4834","E"
"4835","K"
"4836","F"
"4837","I"
"4838","I"
"4839","I"
"4840","I"
"4841","I"
"4842","C"
"4843","C"
"4844","I"
"4845","I"
"4846","I"
"4847","I"
"4848","I"
"4849","I"
"4850","I"
"4851","I"
"4852","I"
"4853","I"
"4854","I"
"4855","I"
"4856","I"
"4857","I"
"4858","I"
"4859","I"
"4860","C"
"4861","I"
"4862","F"
"4863","F"
"4864","F"
"4865","D"
"4866","K"
"4867","K"
"4868","K"
"4869","E"
"4870","E"
"4871","K"
"4872","C"
"4873","I"
"4874","I"
"4875","I"
"4876","C"
"4877","C"
"4878","C"
"4879","C"
"4880","C"
"4881","C"
"4882","C"
"4883","C"
"4884","I"
"4885","I"
"4886","I"
"4887","I"
"4888","I"
"4889","I"
"4890","I"
"4891","I"
"4892","I"
"4893","I"
"4894","I"
"4895","I"
"4896","I"
"4897","I"
"4898","F"
"4899","F"
"4900","K"
"4901","K"
"4902","K"
"4903","E"
"4904","K"
"4905","K"
"4906","K"
"4907","F"
"4908","C"
"4909","C"
"4910","C"
"4911","C"
"4912","C"
"4913","C"
"4914","C"
"4915","C"
"4916","C"
"4917","C"
"4918","I"
"4919","I"
"4920","I"
"4921","I"
"4922","I"
"4923","I"
"4924","I"
"4925","I"
"4926","I"
"4927","I"
"4928","I"
"4929","I"
"4930","I"
"4931","F"
"4932","F"
"4933","D"
"4934","K"
"4935","K"
"4936","K"
"4937","K"
"4938","K"
"4939","K"
"4940","I"
"4941","I"
"4942","I"
"4943","I"
"4944","I"
"4945","C"
"4946","C"
"4947","C"
"4948","C"
"4949","C"
"4950","I"
"4951","I"
"4952","I"
"4953","I"
"4954","I"
"4955","I"
"4956","I"
"4957","I"
"4958","I"
"4959","I"
"4960","I"
"4961","I"
"4962","F"
"4963","F"
"4964","L"
"4965","K"
"4966","K"
"4967","K"
"4968","K"
"4969","K"
"4970","K"
"4971","I"
"4972","I"
"4973","I"
"4974","I"
"4975","I"
"4976","C"
"4977","C"
"4978","C"
"4979","C"
"4980","C"
"4981","I"
"4982","I"
"4983","I"
"4984","I"
"4985","I"
"4986","I"
"4987","I"
"4988","I"
"4989","I"
"4990","I"
"4991","I"
"4992","F"
"4993","F"
"4994","F"
"4995","L"
"4996","K"
"4997","K"
"4998","K"
"4999","K"
"5000","K"
"5001","K"
"5002","I"
"5003","I"
"5004","I"
"5005","I"
"5006","I"
"5007","C"
"5008","C"
"5009","C"
"5010","C"
"5011","C"
"5012","I"
"5013","I"
"5014","I"
"5015","I"
"5016","I"
"5017","I"
"5018","I"
"5019","I"
"5020","I"
"5021","I"
"5022","I"
"5023","F"
"5024","I"
"5025","F"
"5026","D"
"5027","K"
"5028","K"
"5029","K"
"5030","K"
"5031","K"
"5032","I"
"5033","I"
"5034","I"
"5035","I"
"5036","I"
"5037","I"
"5038","C"
"5039","C"
"5040","I"
"5041","I"
"5042","I"
"5043","I"
"5044","I"
"5045","I"
"5046","I"
"5047","I"
"5048","I"
"5049","I"
"5050","I"
"5051","I"
"5052","I"
"5053","I"
"5054","I"
"5055","F"
"5056","D"
"5057","K"
"5058","K"
"5059","K"
"5060","K"
"5061","K"
"5062","K"
"5063","I"
"5064","I"
"5065","I"
"5066","I"
"5067","I"
"5068","C"
"5069","I"
"5070","I"
"5071","I"
"5072","I"
"5073","I"
"5074","I"
"5075","I"
"5076","I"
"5077","I"
"5078","I"
"5079","I"
"5080","I"
"5081","I"
"5082","I"
"5083","I"
"5084","F"
"5085","D"
"5086","K"
"5087","K"
"5088","K"
"5089","K"
"5090","K"
"5091","I"
"5092","I"
"5093","I"
"5094","I"
"5095","I"
"5096","I"
"5097","I"
"5098","I"
"5099","I"
"5100","I"
"5101","F"
"5102","F"
"5103","I"
"5104","I"
"5105","I"
"5106","I"
"5107","I"
"5108","I"
"5109","I"
"5110","L"
"5111","L"
"5112","L"
"5113","D"
"5114","K"
"5115","K"
"5116","K"
"5117","K"
"5118","K"
"5119","I"
"5120","I"
"5121","I"
"5122","I"
"5123","I"
"5124","I"
"5125","I"
"5126","I"
"5127","I"
"5128","I"
"5129","F"
"5130","F"
"5131","F"
"5132","I"
"5133","I"
"5134","I"
"5135","I"
"5136","L"
"5137","L"
"5138","D"
"5139","D"
"5140","K"
"5141","K"
"5142","K"
"5143","K"
"5144","I"
"5145","I"
"5146","I"
"5147","I"
"5148","I"
"5149","I"
"5150","I"
"5151","I"
"5152","I"
"5153","F"
"5154","F"
"5155","F"
"5156","F"
"5157","F"
"5158","I"
"5159","I"
"5160","L"
"5161","L"
"5162","D"
"5163","D"
"5164","D"
"5165","K"
"5166","K"
"5167","K"
"5168","I"
"5169","I"
"5170","I"
"5171","I"
"5172","I"
"5173","I"
"5174","C"
"5175","C"
"5176","I"
"5177","I"
"5178","F"
"5179","F"
"5180","F"
"5181","F"
"5182","F"
"5183","I"
"5184","L"
"5185","D"
"5186","D"
"5187","D"
"5188","K"
"5189","K"
"5190","K"
"5191","I"
"5192","I"
"5193","I"
"5194","I"
"5195","I"
"5196","I"
"5197","C"
"5198","C"
"5199","I"
"5200","C"
"5201","F"
"5202","F"
"5203","F"
"5204","F"
"5205","F"
"5206","F"
"5207","L"
"5208","D"
"5209","D"
"5210","K"
"5211","K"
"5212","K"
"5213","K"
"5214","I"
"5215","I"
"5216","I"
"5217","I"
"5218","I"
"5219","C"
"5220","C"
"5221","I"
"5222","C"
"5223","C"
"5224","I"
"5225","I"
"5226","I"
"5227","I"
"5228","F"
"5229","F"
"5230","L"
"5231","D"
"5232","D"
"5233","K"
"5234","K"
"5235","K"
"5236","K"
"5237","I"
"5238","I"
"5239","I"
"5240","I"
"5241","I"
"5242","C"
"5243","C"
"5244","C"
"5245","C"
"5246","C"
"5247","I"
"5248","I"
"5249","I"
"5250","F"
"5251","F"
"5252","F"
"5253","D"
"5254","D"
"5255","K"
"5256","K"
"5257","K"
"5258","I"
"5259","I"
"5260","J"
"5261","J"
"5262","J"
"5263","J"
"5264","C"
"5265","J"
"5266","C"
"5267","C"
"5268","I"
"5269","I"
"5270","I"
"5271","I"
"5272","I"
"5273","I"
"5274","D"
"5275","D"
"5276","K"
"5277","K"
"5278","K"
"5279","I"
"5280","I"
"5281","J"
"5282","J"
"5283","J"
"5284","J"
"5285","C"
"5286","C"
"5287","J"
"5288","J"
"5289","I"
"5290","I"
"5291","I"
"5292","I"
"5293","I"
"5294","I"
"5295","D"
"5296","D"
"5297","K"
"5298","K"
"5299","K"
"5300","I"
"5301","I"
"5302","J"
"5303","J"
"5304","J"
"5305","J"
"5306","C"
"5307","C"
"5308","J"
"5309","J"
"5310","I"
"5311","I"
"5312","I"
"5313","I"
"5314","I"
"5315","D"
"5316","D"
"5317","D"
"5318","K"
"5319","J"
"5320","J"
"5321","J"
"5322","J"
"5323","J"
"5324","J"
"5325","J"
"5326","C"
"5327","C"
"5328","C"
"5329","J"
"5330","I"
"5331","I"
"5332","I"
"5333","I"
"5334","I"
"5335","D"
"5336","D"
"5337","K"
"5338","J"
"5339","J"
"5340","J"
"5341","J"
"5342","J"
"5343","J"
"5344","J"
"5345","J"
"5346","J"
"5347","C"
"5348","C"
"5349","I"
"5350","I"
"5351","I"
"5352","I"
"5353","I"
"5354","D"
"5355","D"
"5356","K"
"5357","J"
"5358","J"
"5359","J"
"5360","J"
"5361","J"
"5362","J"
"5363","J"
"5364","J"
"5365","J"
"5366","J"
"5367","J"
"5368","J"
"5369","J"
"5370","I"
"5371","I"
"5372","D"
"5373","D"
"5374","D"
"5375","K"
"5376","J"
"5377","J"
"5378","J"
"5379","J"
"5380","J"
"5381","J"
"5382","J"
"5383","J"
"5384","J"
"5385","J"
"5386","J"
"5387","J"
"5388","D"
"5389","D"
"5390","K"
"5391","K"
"5392","J"
"5393","J"
"5394","J"
"5395","J"
"5396","J"
"5397","J"
"5398","J"
"5399","J"
"5400","J"
"5401","J"
"5402","J"
"5403","J"
"5404","J"
"5405","G"
"5406","D"
"5407","D"
"5408","J"
"5409","J"
"5410","J"
"5411","J"
"5412","J"
"5413","J"
"5414","J"
"5415","J"
"5416","J"
"5417","J"
"5418","J"
"5419","J"
"5420","J"
"5421","J"
"5422","D"
"5423","D"
"5424","J"
"5425","J"
"5426","J"
"5427","J"
"5428","J"
"5429","J"
"5430","J"
"5431","J"
"5432","J"
"5433","J"
"5434","J"
"5435","J"
"5436","D"
"5437","D"
"5438","J"
"5439","J"
"5440","J"
"5441","J"
"5442","J"
"5443","J"
"5444","J"
"5445","J"
"5446","J"
"5447","G"
"5448","G"
"5449","G"
"5450","J"
"5451","J"
"5452","J"
"5453","J"
"5454","J"
"5455","J"
"5456","J"
"5457","J"
"5458","J"
"5459","G"
"5460","G"
"5461","J"
"5462","J"
"5463","J"
"5464","J"
"5465","J"
"5466","J"
"5467","J"
"5468","G"
"5469","G"
"5470","J"
"5471","J"
"5472","J"
"5473","J"
"5474","J"
"5475","J"
"5476","J"
"5477","J"
"5478","G"
"5479","J"
"5480","J"
"5481","J"
"5482","J"
"5483","J"
"5484","J"
"5485","J"
"5486","G"
"5487","G"
"5488","J"
"5489","J"
"5490","J"
"5491","J"
"5492","J"
"5493","J"
"5494","J"
"5495","G"
"5496","J"
"5497","J"
"5498","J"
"5499","J"
"5500","J"
"5501","J"
"5502","J"
"5503","G"
"5504","E"
"5505","E"
"5506","J"
"5507","J"
"5508","J"
"5509","J"
"5510","J"
"5511","J"
"5512","G"
"5513","E"
"5514","J"
"5515","J"
"5516","J"
"5517","J"
"5518","J"
"5519","J"
"5520","J"
"5521","G"
"5522","E"
"5523","E"
"5524","J"
"5525","J"
"5526","J"
"5527","J"
"5528","J"
"5529","G"
"5530","E"
"5531","E"
"5532","J"
"5533","J"
"5534","J"
"5535","J"
"5536","J"
"5537","G"
"5538","E"
"5539","E"
"5540","J"
"5541","J"
"5542","J"
"5543","J"
"5544","J"
"5545","J"
"5546","J"
"5547","J"
"5548","J"
"5549","J"
"5550","J"
"5551","J"
"5552","G"
"5553","G"
"5554","J"
"5555","J"
"5556","J"
"5557","E"
"5558","G"
"5559","G"
"5560","J"
"5561","J"
"5562","J"
"5563","E"
"5564","E"
"5565","E"
"5566","G"
"5567","G"
